phones,iphone
phones,samsung
phones,google
phones,oneplus
phones,xiaomi
phones,huawei
phones,oppo
phones,vivo
phones,realme
phones,motorola
phones,tecno
phones,infinix
phones,itel
phones,xiaomi
phones,huawei
phones,nokia
phones,gionee
phones,zte
phones,accessories
phones,google
electronics,sony
electronics,lg
electronics,panasonic
electronics,philips
electronics,samsung
electronics,bose
electronics,jbl
electronics,sharp
electronics,toshiba
electronics,haier thermocool
electronics,games
electronics,scanfrost
electronics,hisense
electronics,polystar
electronics,skyrun
electronics,nexus
electronics,maxi
electronics,century
electronics,zealot
confectionery,food & snacks
fashion,creams
fashion,clothings
fashion,perfumes & deordorants
fashion,hairs
fashion,jewelries
fashion,sport wears
fashion,baby products
vehicles,toyota
vehicles,honda
vehicles,ford
vehicles,chevrolet
vehicles,nissan
vehicles,bmw
vehicles,mercedes-benz
vehicles,volkswagen
vehicles,audi
vehicles,kia
vehicles,lexus
vehicles,gac
vehicles,innoson
vehicles,suzuki
vehicles,acura
vehicles,landrover
vehicles,hyundai
vehicles,bike
books,fiction
books,non-fiction
books,children's
books,educational
books,romance
books,fantasy
books,mystery
books,horror
laptops,apple
laptops,dell
laptops,hp
laptops,lenovo
laptops,asus
laptops,acer
laptops,microsoft
laptops,razer
laptops,msi
laptops,samsung
laptops,lg
laptops,huawei
laptops,sony
laptops,toshiba
laptops,alienware
laptops,google
laptops,gigabyte
laptops,panasonic
laptops,fujitsu
laptops,vaio
laptops,chuwi
laptops,xiaomi
laptops,honor
laptops,dynabook
laptops,system76
laptops,eurocom
services,arts and creativity
services,legal services
services,repair services
services,catering services
services,cleaning services
services,laundry services
services,beauty & spar
services,event planning & hosting
services,tickets & vouchers
services,photo & videography
services,accommodations
services,transport
services,freelancing
furnitures,chairs
furnitures,tables
furnitures,mattresses
furnitures,rugs